address,suburb,property_type,bedrooms,bathrooms,carspaces,distance_to_cbd_km,sold_price,ml_prediction,llm_estimate,human_estimate,ml_abs_error,llm_abs_error,human_abs_error
"4/313 Flushcombe Road, Blacktown NSW 2148",Blacktown,Townhouse,3,2,2,34,920000,919999.0,880000,900000,1.0,40000,20000
"69/25 Mantaka Street, Blacktown NSW 2148",Blacktown,Apartment / Unit / Flat,2,1,1,34,419000,439007.0,450000,350000,20007.0,31000,69000
"21 Morella Road, Mosman NSW 2088",Mosman,House,4,4,2,8,11650000,11649997.0,7000000,11000000,3.0,4650000,650000
"5 Botanic Road, Mosman NSW 2088",Mosman,House,4,3,2,8,8700000,5056670.0,6000000,7000000,3643330.0,2700000,1700000
"10/16 Avenue Road, Mosman NSW 2088",Mosman,Apartment / Unit / Flat,2,1,0,8,892000,892007.0,1100000,750000,7.0,208000,142000
"142/15 Hale Road, Mosman NSW 2088",Mosman,House,3,2,2,8,3800000,3800002.0,3300000,2800000,2.0,500000,1000000
"D603/1 Broughton Street, Parramatta NSW 2150",Parramatta,Apartment / Unit / Flat,2,2,1,23,680000,680000.0,680000,580000,0.0,0,100000
"1/6 Sorrell St, Parramatta NSW 2150",Parramatta,Apartment / Unit / Flat,3,2,2,23,805000,802499.0,800000,800000,2501.0,5000,5000
"34/105-107 Church Street, Parramatta NSW 2150",Parramatta,Apartment / Unit / Flat,2,2,1,23,625000,648645.0,670000,580000,23645.0,45000,45000
"35/5-15 Union Street, Parramatta NSW 2150",Parramatta,Apartment / Unit / Flat,2,1,1,23,528000,527993.0,520000,500000,7.0,8000,28000
