address,suburb,state,postcode,sold_date,sale_method,sold_price,bedrooms,bathrooms,carspaces,area_sqm,property_type,nearest_primary_school_km,nearest_secondary_school_km,schools_within_2km,independent_schools_within_2km,location_profile_type,location_properties_count,location_recently_sold_count,location_owner_pct,location_renter_pct,local_age_under20_pct,local_age_20_39_pct,local_age_40_59_pct,local_age_60plus_pct,local_long_term_residents_pct,local_owner_pct,local_renter_pct,local_family_pct,local_single_pct,suburb_population,suburb_owner_pct,suburb_renter_pct,suburb_average_age_range,suburb_family_pct,suburb_single_pct,segment_median_price,segment_auction_clearance_pct,segment_sold_this_year,segment_avg_days_on_market,feat_close_to_transport,feat_fully_fenced,feat_ensuite,feat_split_system_air_con,feat_outdoor_entertainment,feat_built_in_wardrobes,feat_close_to_shops,feat_close_to_schools,feat_air_conditioning,feat_secure_parking,feat_dishwasher,feat_intercom,feat_floorboards,feat_balcony,feat_has_view,feat_has_extra_bathroom_comfort,feat_has_outdoor_living,feat_has_extra_climate_control,feat_has_study_or_extra_room,feat_has_security_features,feat_has_extra_parking,feat_has_leisure_amenities,feat_has_lifestyle_extras,feat_has_utility_features,distance_to_cbd_km,council_area,has_area_data,data_quality_flag
"4/125 Raglan Street, Mosman NSW 2088",Mosman,NSW,2088,2026-07-07,Sold prior to auction,990000,2,1,0,,Apartment / Unit / Flat,0.6,0.5,2,0,Building,13.0,1.0,0.7,0.3,0.25,0.25,0.2,0.29,0.51,0.61,0.39,0.6,0.4,28470,0.65,0.35,40 to 59,0.52,0.48,1340000.0,0.52,188.0,42.0,1,0,0,0,0,1,1,1,0,0,1,1,1,0,0,0,0,0,0,0,0,0,0,0,8,Mosman Municipal Council,0,
"8/88 Avenue Road, Mosman NSW 2088",Mosman,NSW,2088,2026-09-12,Sold by private treaty,730000,1,1,1,,Apartment / Unit / Flat,0.3,0.3,2,0,Building,14.0,2.0,0.3,0.7,0.28,0.13,0.29,0.3,0.53,0.64,0.36,0.66,0.34,28470,0.65,0.35,40 to 59,0.52,0.48,820000.0,0.73,111.0,31.0,1,0,0,0,0,1,1,1,0,1,0,1,0,1,1,0,0,0,0,1,0,0,0,0,8,Mosman Municipal Council,0,
"7/10 Muston Street, Mosman NSW 2088",Mosman,NSW,2088,2026-09-08,Sold by private treaty,750000,1,1,0,,Apartment / Unit / Flat,0.6,0.3,2,0,Building,11.0,1.0,0.65,0.35,0.21,0.2,0.27,0.32,0.55,0.69,0.31,0.65,0.35,28470,0.65,0.35,40 to 59,0.52,0.48,820000.0,0.73,111.0,31.0,1,0,0,0,0,1,1,1,0,0,0,0,1,1,0,0,0,0,0,0,0,0,0,0,8,Mosman Municipal Council,0,
"13/5 The Esplanade, Mosman NSW 2088",Mosman,NSW,2088,2026-09-03,Sold prior to auction,1450000,1,1,0,,Apartment / Unit / Flat,1.0,0.8,2,0,Building,18.0,4.0,0.6,0.4,0.22,0.21,0.33,0.24,0.43,0.54,0.46,0.63,0.37,28470,0.65,0.35,40 to 59,0.52,0.48,820000.0,0.73,111.0,31.0,0,0,0,0,0,0,0,0,0,0,0,0,0,0,0,0,0,0,0,0,0,0,0,0,8,Mosman Municipal Council,0,
"3/17 Milner Street, Mosman NSW 2088",Mosman,NSW,2088,2026-08-21,Sold by private treaty,790000,1,1,0,,Apartment / Unit / Flat,0.5,0.4,2,0,Building,14.0,3.0,0.5,0.5,0.25,0.25,0.2,0.29,0.51,0.61,0.39,0.6,0.4,28470,0.65,0.35,40 to 59,0.52,0.48,820000.0,0.73,111.0,31.0,0,0,0,0,0,0,0,0,0,0,0,0,0,0,0,0,0,0,0,0,0,0,0,0,8,Mosman Municipal Council,0,
"111/116 Belmont Road, Mosman NSW 2088",Mosman,NSW,2088,2026-08-19,Sold prior to auction,930000,1,1,1,74.0,Apartment / Unit / Flat,0.9,1.1,2,0,Building,64.0,4.0,0.5,0.5,0.25,0.2,0.31,0.24,0.51,0.62,0.38,0.56,0.44,28470,0.65,0.35,40 to 59,0.52,0.48,820000.0,0.73,111.0,31.0,0,0,0,0,0,1,0,0,1,0,0,1,1,0,0,0,0,0,0,0,0,0,1,1,8,Mosman Municipal Council,1,
"6/139-153 Middle Head Road, Mosman NSW 2088",Mosman,NSW,2088,2026-08-13,Sold by private treaty,2558000,3,2,2,98.0,Apartment / Unit / Flat,0.6,0.3,2,0,Building,28.0,2.0,0.7,0.3,0.21,0.2,0.27,0.32,0.55,0.69,0.31,0.65,0.35,28470,0.65,0.35,40 to 59,0.52,0.48,2650000.0,0.33,61.0,43.0,0,0,0,0,0,0,0,0,0,0,0,0,0,0,0,0,0,0,0,0,0,0,0,0,8,Mosman Municipal Council,1,
"14/669 Military Road, Mosman NSW 2088",Mosman,NSW,2088,2026-08-12,Sold by private treaty,1600000,2,1,1,96.0,Apartment / Unit / Flat,0.3,0.3,10,8,Building,33.0,1.0,0.4,0.6,0.22,0.19,0.27,0.32,0.5,0.58,0.42,0.61,0.39,28470,0.65,0.35,40 to 59,0.52,0.48,1340000.0,0.52,188.0,42.0,0,0,0,0,0,1,0,0,0,0,0,1,1,0,0,0,0,0,0,0,0,0,1,1,8,Mosman Municipal Council,1,
"9/71 Avenue Road, Mosman NSW 2088",Mosman,NSW,2088,2026-08-10,Sold by private treaty,700000,1,1,1,,Apartment / Unit / Flat,0.2,0.6,11,9,Building,16.0,3.0,0.45,0.55,0.29,0.25,0.29,0.17,0.46,0.55,0.45,0.62,0.38,28470,0.65,0.35,40 to 59,0.52,0.48,820000.0,0.73,111.0,31.0,1,0,0,0,0,1,1,1,0,0,0,0,0,0,0,1,0,0,0,0,0,0,0,0,8,Mosman Municipal Council,0,
"22A Upper Avenue, Mosman NSW 2088",Mosman,NSW,2088,2026-08-10,Sold by private treaty,3080000,4,3,2,333.0,House,1.0,1.0,2,0,Street,76.0,1.0,0.65,0.35,0.24,0.22,0.34,0.2,0.43,0.57,0.43,0.6,0.4,28470,0.65,0.35,40 to 59,0.52,0.48,5087500.0,0.4,76.0,65.0,0,0,0,0,0,0,0,0,0,0,0,0,0,0,0,0,0,0,0,0,0,0,0,0,8,Mosman Municipal Council,1,
"77 Belmont Road, Mosman NSW 2088",Mosman,NSW,2088,2026-08-05,Sold prior to auction,4900000,4,3,1,462.0,House,0.3,0.7,11,9,Street,303.0,14.0,0.6,0.4,0.31,0.09,0.26,0.34,0.5,0.73,0.27,0.64,0.36,28470,0.65,0.35,40 to 59,0.52,0.48,5087500.0,0.4,76.0,65.0,0,0,0,0,0,0,0,0,0,0,0,0,0,0,0,0,0,0,0,0,0,0,0,0,8,Mosman Municipal Council,1,
"3/6 Brierley Street, Mosman NSW 2088",Mosman,NSW,2088,2026-08-04,Sold by private treaty,975000,2,1,0,,Apartment / Unit / Flat,0.8,1.2,12,10,Building,5.0,1.0,0.4,0.6,0.28,0.23,0.28,0.22,0.5,0.7,0.3,0.7,0.3,28470,0.65,0.35,40 to 59,0.52,0.48,1340000.0,0.52,188.0,42.0,0,0,0,0,0,0,0,0,0,0,0,0,0,0,0,0,0,0,0,0,0,0,0,0,8,Mosman Municipal Council,0,
"11/23 Warringah Road, Mosman NSW 2088",Mosman,NSW,2088,2026-07-31,Sold by private treaty,865000,1,1,1,,Apartment / Unit / Flat,0.7,1.4,2,0,Building,13.0,1.0,0.45,0.55,0.2,0.29,0.31,0.2,0.41,0.53,0.47,0.63,0.37,28470,0.65,0.35,40 to 59,0.52,0.48,820000.0,0.73,111.0,31.0,0,0,0,0,0,0,0,0,0,0,0,0,0,0,0,0,0,0,0,0,0,0,0,0,8,Mosman Municipal Council,0,
"8/822 Military Road, Mosman NSW 2088",Mosman,NSW,2088,2026-07-29,Sold prior to auction,825000,1,1,1,,Apartment / Unit / Flat,0.3,0.2,10,8,Building,19.0,2.0,0.45,0.55,0.19,0.19,0.3,0.32,0.42,0.52,0.48,0.55,0.45,28470,0.65,0.35,40 to 59,0.52,0.48,820000.0,0.73,111.0,31.0,1,0,0,0,0,1,1,1,0,0,0,0,0,0,0,0,0,0,0,1,0,0,0,0,8,Mosman Municipal Council,0,
"6/40 Raglan Street, Mosman NSW 2088",Mosman,NSW,2088,2026-07-27,Sold prior to auction,1600000,2,1,1,103.0,Apartment / Unit / Flat,1.0,1.5,11,9,Building,24.0,3.0,0.4,0.6,0.15,0.26,0.31,0.29,0.4,0.49,0.51,0.57,0.43,28470,0.65,0.35,40 to 59,0.52,0.48,1340000.0,0.52,188.0,42.0,1,0,0,0,0,1,1,1,0,0,0,0,0,0,1,0,0,0,0,1,0,0,0,0,8,Mosman Municipal Council,1,
"142/15 Hale Road, Mosman NSW 2088",Mosman,NSW,2088,2026-07-24,Sold by private treaty,3800000,3,2,2,,House,0.2,1.1,11,9,Building,20.0,1.0,1.0,0.0,0.29,0.17,0.26,0.28,0.4,0.67,0.33,0.67,0.33,28470,0.65,0.35,40 to 59,0.52,0.48,3565500.0,0.48,61.0,86.0,0,0,0,0,0,0,0,0,0,0,0,0,0,0,0,0,0,0,0,0,0,0,0,0,8,Mosman Municipal Council,0,
"5 Botanic Road, Mosman NSW 2088",Mosman,NSW,2088,2026-07-22,Sold by private treaty,8700000,4,3,2,,House,0.7,0.5,10,8,Street,89.0,2.0,0.6,0.4,0.22,0.21,0.33,0.24,0.43,0.54,0.46,0.63,0.37,28470,0.65,0.35,40 to 59,0.52,0.48,5087500.0,0.4,76.0,65.0,0,0,0,0,0,0,0,0,0,0,0,0,0,0,0,0,0,0,0,0,0,0,0,0,8,Mosman Municipal Council,0,
"23 Dalton Road, Mosman NSW 2088",Mosman,NSW,2088,2026-07-21,Sold by private treaty,2900000,3,2,1,,Semi-Detached,1.0,0.9,2,0,Street,130.0,3.0,0.8,0.2,0.28,0.24,0.31,0.17,0.5,0.66,0.34,0.63,0.37,28470,0.65,0.35,40 to 59,0.52,0.48,3565500.0,0.48,61.0,86.0,0,0,0,0,0,0,1,1,1,0,1,0,1,0,0,1,0,0,0,0,0,0,0,0,8,Mosman Municipal Council,0,
"10/16 Avenue Road, Mosman NSW 2088",Mosman,NSW,2088,2026-07-20,Sold by private treaty,892000,2,1,0,80.4,Apartment / Unit / Flat,0.7,0.8,2,0,Building,16.0,2.0,0.3,0.7,0.24,0.22,0.34,0.2,0.43,0.57,0.43,0.6,0.4,28470,0.65,0.35,40 to 59,0.52,0.48,1340000.0,0.52,188.0,42.0,1,0,0,0,0,1,1,1,0,0,0,1,0,0,0,0,0,0,0,0,0,0,0,0,8,Mosman Municipal Council,1,
"4/3 Millett Road, Mosman NSW 2088",Mosman,NSW,2088,2026-07-16,Sold by private treaty,1050000,2,1,1,,Apartment / Unit / Flat,0.8,0.8,2,0,Building,13.0,2.0,0.4,0.6,0.24,0.22,0.34,0.2,0.43,0.57,0.43,0.6,0.4,28470,0.65,0.35,40 to 59,0.52,0.48,1340000.0,0.52,188.0,42.0,0,0,0,0,0,0,0,0,0,0,0,0,0,0,0,0,0,0,0,0,0,0,0,0,8,Mosman Municipal Council,0,
"7/154 Raglan Street, Mosman NSW 2088",Mosman,NSW,2088,2026-07-14,Sold by private treaty,785000,1,1,1,,Apartment / Unit / Flat,0.5,0.4,2,0,Building,20.0,2.0,0.5,0.5,0.21,0.28,0.3,0.2,0.38,0.42,0.58,0.49,0.51,28470,0.65,0.35,40 to 59,0.52,0.48,820000.0,0.73,111.0,31.0,0,0,0,0,0,0,0,0,0,1,1,0,0,1,0,0,0,0,0,0,0,0,0,0,8,Mosman Municipal Council,0,
"1/128-130 Avenue Road, Mosman NSW 2088",Mosman,NSW,2088,2026-07-14,Sold at auction,1415000,2,1,1,126.0,Apartment / Unit / Flat,0.3,0.1,2,0,Building,4.0,1.0,0.5,0.5,0.28,0.13,0.29,0.3,0.53,0.64,0.36,0.66,0.34,28470,0.65,0.35,40 to 59,0.52,0.48,1340000.0,0.52,188.0,42.0,0,0,0,0,0,0,0,0,0,0,0,0,0,0,0,0,0,0,0,0,0,0,0,0,8,Mosman Municipal Council,1,
"8/6 Punch Street, Mosman NSW 2088",Mosman,NSW,2088,2026-07-09,Sold prior to auction,700000,1,1,0,,Apartment / Unit / Flat,0.6,0.7,2,0,Building,16.0,1.0,0.3,0.7,0.13,0.22,0.3,0.35,0.33,0.34,0.66,0.49,0.51,28470,0.65,0.35,40 to 59,0.52,0.48,820000.0,0.73,111.0,31.0,0,0,0,0,0,0,0,0,0,0,0,0,0,0,0,0,0,0,0,0,0,0,0,0,8,Mosman Municipal Council,0,
"13/6 McLeod Street, Mosman NSW 2088",Mosman,NSW,2088,2026-07-09,Sold by private treaty,762000,1,1,0,,Apartment / Unit / Flat,1.6,1.5,2,0,Building,21.0,1.0,0.45,0.55,0.15,0.26,0.31,0.29,0.4,0.49,0.51,0.57,0.43,28470,0.65,0.35,40 to 59,0.52,0.48,820000.0,0.73,111.0,31.0,1,0,0,0,0,1,1,1,0,0,0,0,0,0,1,0,0,0,0,0,0,0,0,0,8,Mosman Municipal Council,0,
"20/96 Ourimbah Road, Mosman NSW 2088",Mosman,NSW,2088,2026-07-07,Sold prior to auction,1030000,2,1,1,,Apartment / Unit / Flat,0.1,1.3,2,0,Building,25.0,4.0,0.35,0.65,0.14,0.19,0.19,0.49,0.39,0.77,0.23,0.51,0.49,28470,0.65,0.35,40 to 59,0.52,0.48,1340000.0,0.52,188.0,42.0,1,0,0,0,0,1,1,1,0,0,1,0,0,1,0,0,0,0,0,0,0,0,0,0,8,Mosman Municipal Council,0,
"22/43 Musgrave Street, Mosman NSW 2088",Mosman,NSW,2088,2026-07-03,Sold by private treaty,1310000,2,1,1,,Apartment / Unit / Flat,1.5,1.5,2,0,Building,35.0,1.0,0.4,0.6,0.15,0.26,0.31,0.29,0.4,0.49,0.51,0.57,0.43,28470,0.65,0.35,40 to 59,0.52,0.48,1340000.0,0.52,188.0,42.0,1,0,0,0,0,1,1,1,1,0,0,0,0,1,1,1,0,0,0,1,0,0,0,0,8,Mosman Municipal Council,0,
"22/96 Ourimbah Road, Mosman NSW 2088",Mosman,NSW,2088,2026-07-03,Sold by private treaty,1025000,2,1,1,102.2,Apartment / Unit / Flat,0.1,1.3,2,0,Building,25.0,4.0,0.35,0.65,0.14,0.19,0.19,0.49,0.39,0.77,0.23,0.51,0.49,28470,0.65,0.35,40 to 59,0.52,0.48,1340000.0,0.52,188.0,42.0,0,0,0,0,0,1,0,0,0,0,1,0,1,0,0,0,1,0,0,0,0,0,0,0,8,Mosman Municipal Council,1,
"3 Gordon Street, Mosman NSW 2088",Mosman,NSW,2088,2026-07-02,Sold prior to auction,7650000,5,2,2,490.0,House,1.0,0.7,2,0,Street,41.0,1.0,0.85,0.15,0.29,0.18,0.25,0.28,0.69,0.89,0.11,0.68,0.32,28470,0.65,0.35,40 to 59,0.52,0.48,7325000.0,0.42,79.0,81.0,0,0,0,0,0,0,0,0,0,0,0,0,0,0,0,0,0,0,0,0,0,0,0,0,8,Mosman Municipal Council,1,
"67 Cowles Road, Mosman NSW 2088",Mosman,NSW,2088,2026-07-02,Sold prior to auction,3225000,4,2,0,,House,0.2,0.6,10,8,Street,259.0,10.0,0.7,0.3,0.16,0.33,0.31,0.2,0.32,0.39,0.61,0.56,0.44,28470,0.65,0.35,40 to 59,0.52,0.48,5087500.0,0.4,76.0,65.0,0,0,0,0,0,0,0,0,0,0,0,0,0,0,0,0,0,0,0,0,0,0,0,0,8,Mosman Municipal Council,0,
"36 Lang Street, Mosman NSW 2088",Mosman,NSW,2088,2026-07-02,Sold prior to auction,2865000,3,2,1,260.0,House,0.2,1.1,10,8,Street,99.0,5.0,0.6,0.4,0.29,0.17,0.26,0.28,0.4,0.67,0.33,0.67,0.33,28470,0.65,0.35,40 to 59,0.52,0.48,3565500.0,0.48,61.0,86.0,1,0,0,0,0,1,1,1,1,0,0,0,0,0,0,0,0,0,0,0,0,0,0,0,8,Mosman Municipal Council,1,
"21 Morella Road, Mosman NSW 2088",Mosman,NSW,2088,2026-07-01,Sold by private treaty,11650000,4,4,2,,House,0.8,1.3,7,5,Street,40.0,3.0,0.8,0.2,0.25,0.18,0.28,0.29,0.6,0.93,0.07,0.72,0.28,28470,0.65,0.35,40 to 59,0.52,0.48,5087500.0,0.4,76.0,65.0,0,0,0,0,0,0,0,0,0,0,0,0,0,0,0,0,0,0,0,0,0,0,0,0,8,Mosman Municipal Council,0,
"31/2B Brady Street, Mosman NSW 2088",Mosman,NSW,2088,2026-06-17,Sold by private treaty,1925000,3,2,2,,Apartment / Unit / Flat,0.3,0.8,10,8,Building,37.0,4.0,0.6,0.4,0.16,0.18,0.19,0.47,0.47,0.7,0.3,0.57,0.43,28470,0.65,0.35,40 to 59,0.52,0.48,2650000.0,0.33,61.0,43.0,0,0,0,0,0,0,0,0,0,0,0,0,0,0,0,0,0,0,0,0,0,0,0,0,8,Mosman Municipal Council,0,
"9/6 Avenue Road, Mosman NSW 2088",Mosman,NSW,2088,2026-06-26,Sold by private treaty,610000,0,1,1,1053.0,Studio,0.8,0.9,2,0,Building,16.0,2.0,0.55,0.45,0.24,0.22,0.34,0.2,0.43,0.57,0.43,0.6,0.4,28470,0.65,0.35,40 to 59,0.52,0.48,,,,,0,0,0,0,0,0,0,0,0,0,0,0,0,0,0,0,0,0,0,0,0,0,0,0,8,Mosman Municipal Council,1,
"2/60A Raglan Street, Mosman NSW 2088",Mosman,NSW,2088,2026-06-26,Sold by private treaty,1175000,2,1,1,,Apartment / Unit / Flat,0.7,1.2,12,10,Building,9.0,1.0,0.2,0.8,0.24,0.3,0.29,0.16,0.4,0.42,0.58,0.55,0.45,28470,0.65,0.35,40 to 59,0.52,0.48,1340000.0,0.52,188.0,42.0,1,0,0,0,0,1,1,1,0,1,0,0,0,0,0,1,0,0,0,0,0,0,0,0,8,Mosman Municipal Council,0,
"3/13 Wyong Road, Mosman NSW 2088",Mosman,NSW,2088,2026-06-22,Sold prior to auction,1750000,2,2,1,,Apartment / Unit / Flat,0.7,1.3,10,8,Building,5.0,1.0,0.4,0.6,0.3,0.24,0.27,0.19,0.63,0.84,0.16,0.62,0.38,28470,0.65,0.35,40 to 59,0.52,0.48,1340000.0,0.52,188.0,42.0,1,0,0,0,0,1,1,1,0,0,0,0,0,0,0,0,0,0,0,0,1,0,0,1,8,Mosman Municipal Council,0,
"17 Avenue Road, Mosman NSW 2088",Mosman,NSW,2088,2026-06-19,Sold by private treaty,5450000,5,3,2,,House,0.7,1.1,11,9,Street,612.0,30.0,0.6,0.4,0.24,0.22,0.34,0.2,0.43,0.57,0.43,0.6,0.4,28470,0.65,0.35,40 to 59,0.52,0.48,7325000.0,0.42,79.0,81.0,0,0,0,0,0,0,0,0,0,0,0,0,0,0,0,0,0,0,0,0,0,0,0,0,8,Mosman Municipal Council,0,
"5 Central Avenue, Mosman NSW 2088",Mosman,NSW,2088,2026-06-19,Sold by private treaty,6399000,5,4,2,607.0,House,0.2,1.8,5,3,Street,61.0,3.0,0.75,0.25,0.34,0.18,0.27,0.21,0.68,0.84,0.16,0.67,0.33,28470,0.65,0.35,40 to 59,0.52,0.48,7325000.0,0.42,79.0,81.0,0,0,0,0,0,0,0,0,0,0,0,0,0,0,0,0,0,0,0,0,0,0,0,0,8,Mosman Municipal Council,1,
"8/4 Esther Road, Mosman NSW 2088",Mosman,NSW,2088,2026-06-19,Sold at auction,1560000,2,1,1,78.0,Apartment / Unit / Flat,0.9,0.8,8,6,Building,9.0,1.0,0.2,0.8,0.19,0.14,0.29,0.38,0.6,0.76,0.24,0.65,0.35,28470,0.65,0.35,40 to 59,0.52,0.48,1340000.0,0.52,188.0,42.0,0,0,0,0,0,1,0,0,0,0,0,0,0,0,0,0,1,0,0,0,0,0,0,0,8,Mosman Municipal Council,1,
"2/63 Muston Street, Mosman NSW 2088",Mosman,NSW,2088,2026-06-18,Sold by private treaty,6000000,4,3,3,631.0,Apartment / Unit / Flat,0.4,0.3,2,0,,,,,,0.24,0.14,0.25,0.37,0.48,0.83,0.17,0.67,0.33,28470,0.65,0.35,40 to 59,0.52,0.48,,,,,0,0,0,0,0,0,0,0,0,0,0,0,0,0,0,0,0,0,0,0,0,0,0,0,8,Mosman Municipal Council,1,
"2/184 Raglan Street, Mosman NSW 2088",Mosman,NSW,2088,2026-06-17,Sold by private treaty,1237500,2,1,1,,Apartment / Unit / Flat,0.4,0.2,2,0,Building,10.0,1.0,0.4,0.6,0.21,0.28,0.3,0.2,0.38,0.42,0.58,0.49,0.51,28470,0.65,0.35,40 to 59,0.52,0.48,1340000.0,0.52,188.0,42.0,1,0,0,0,0,1,1,1,0,1,1,1,1,1,1,0,0,0,0,0,0,0,0,0,8,Mosman Municipal Council,0,
"5B/699 Military Road, Mosman NSW 2088",Mosman,NSW,2088,2026-06-17,Sold prior to auction,1450000,2,1,1,101.0,Apartment / Unit / Flat,0.2,0.3,10,8,Building,54.0,4.0,0.7,0.3,0.22,0.19,0.27,0.32,0.5,0.58,0.42,0.61,0.39,28470,0.65,0.35,40 to 59,0.52,0.48,1340000.0,0.52,188.0,42.0,0,0,0,0,0,0,0,0,0,0,0,0,0,0,0,0,0,0,0,0,0,0,0,0,8,Mosman Municipal Council,1,
"15/3 Belmont Road, Mosman NSW 2088",Mosman,NSW,2088,2026-06-12,Sold prior to auction,1760000,2,2,1,,Apartment / Unit / Flat,0.2,0.1,10,8,Building,16.0,2.0,0.55,0.45,0.22,0.19,0.27,0.32,0.5,0.58,0.42,0.61,0.39,28470,0.65,0.35,40 to 59,0.52,0.48,1340000.0,0.52,188.0,42.0,1,0,1,0,0,1,1,1,0,0,0,0,0,0,0,1,0,0,0,0,0,0,0,0,8,Mosman Municipal Council,0,
"16/5 The Esplanade, Mosman NSW 2088",Mosman,NSW,2088,2026-06-06,Sold at auction,1570000,1,1,1,,Apartment / Unit / Flat,1.0,0.8,8,6,Building,18.0,4.0,0.6,0.4,0.22,0.21,0.33,0.24,0.43,0.54,0.46,0.63,0.37,28470,0.65,0.35,40 to 59,0.52,0.48,820000.0,0.73,111.0,31.0,0,0,0,0,0,0,0,0,0,0,0,0,0,0,0,0,0,0,0,0,0,0,0,0,8,Mosman Municipal Council,0,
"1/10 Lang Street, Mosman NSW 2088",Mosman,NSW,2088,2026-06-06,Sold by private treaty,3200000,4,2,1,,Semi-Detached,0.2,1.0,10,8,Street,99.0,5.0,0.6,0.4,0.29,0.17,0.26,0.28,0.4,0.67,0.33,0.67,0.33,28470,0.65,0.35,40 to 59,0.52,0.48,5087500.0,0.4,76.0,65.0,1,0,0,0,0,1,1,1,1,1,1,0,1,0,0,0,0,0,0,0,0,1,0,0,8,Mosman Municipal Council,0,
"14 Almora Street, Mosman NSW 2088",Mosman,NSW,2088,2026-06-06,Sold at auction,5025000,3,3,2,,House,0.8,0.8,8,6,Street,102.0,1.0,0.9,0.1,0.19,0.14,0.29,0.38,0.6,0.76,0.24,0.65,0.35,28470,0.65,0.35,40 to 59,0.52,0.48,3565500.0,0.48,61.0,86.0,1,0,0,0,0,1,1,1,1,0,0,0,0,0,0,0,0,0,0,0,0,1,0,0,8,Mosman Municipal Council,0,
"1/30 Hale Road, Mosman NSW 2088",Mosman,NSW,2088,2026-06-05,Sold by private treaty,2180000,3,2,2,,Townhouse,0.2,1.3,2,0,Building,7.0,2.0,0.55,0.45,0.14,0.19,0.19,0.49,0.39,0.77,0.23,0.51,0.49,28470,0.65,0.35,40 to 59,0.52,0.48,3565500.0,0.48,61.0,86.0,0,0,0,0,0,0,0,0,0,0,0,0,0,0,0,0,0,0,0,0,0,0,0,0,8,Mosman Municipal Council,0,
"2 Morella Road, Mosman NSW 2088",Mosman,NSW,2088,2026-06-05,Sold by private treaty,7360000,5,4,4,594.0,House,1.9,1.6,2,0,Street,40.0,3.0,0.8,0.2,0.29,0.25,0.23,0.23,0.61,0.94,0.06,0.63,0.37,28470,0.65,0.35,40 to 59,0.52,0.48,7325000.0,0.42,79.0,81.0,1,0,0,0,0,1,1,1,0,0,0,0,0,0,1,0,0,1,1,0,0,0,0,0,8,Mosman Municipal Council,1,
"21/96 Ourimbah Road, Mosman NSW 2088",Mosman,NSW,2088,2026-06-05,Sold by private treaty,900000,2,1,1,2004.0,Apartment / Unit / Flat,0.1,1.3,2,0,Building,25.0,4.0,0.35,0.65,0.14,0.19,0.19,0.49,0.39,0.77,0.23,0.51,0.49,28470,0.65,0.35,40 to 59,0.52,0.48,1340000.0,0.52,188.0,42.0,0,0,0,0,0,0,0,0,0,0,0,0,0,0,0,0,0,0,0,0,0,0,0,0,8,Mosman Municipal Council,1,
"10/116 Belmont Road, Mosman NSW 2088",Mosman,NSW,2088,2026-06-10,Sold by private treaty,2380000,3,2,2,192.0,Townhouse,0.9,1.1,2,0,Building,64.0,4.0,0.5,0.5,0.25,0.2,0.31,0.24,0.51,0.62,0.38,0.56,0.44,28470,0.65,0.35,40 to 59,0.52,0.48,3565500.0,0.48,61.0,86.0,0,0,0,0,0,0,0,0,0,0,0,0,0,0,0,0,0,0,0,0,0,0,0,0,8,Mosman Municipal Council,1,
"9/238 Raglan Street, Mosman NSW 2088",Mosman,NSW,2088,2026-06-04,Sold at auction,1590000,2,1,1,84.0,Apartment / Unit / Flat,0.8,0.6,8,6,Building,10.0,3.0,0.7,0.3,0.22,0.21,0.33,0.24,0.43,0.54,0.46,0.63,0.37,28470,0.65,0.35,40 to 59,0.52,0.48,1340000.0,0.52,188.0,42.0,0,0,0,0,0,0,0,0,0,0,0,0,0,0,0,0,0,0,0,0,0,0,0,0,8,Mosman Municipal Council,1,
"13/17-23 Heydon Street, Mosman NSW 2088",Mosman,NSW,2088,2026-06-04,Sold by private treaty,1360000,2,1,1,92.0,Apartment / Unit / Flat,0.5,0.7,10,8,Building,32.0,3.0,0.95,0.05,0.16,0.18,0.19,0.47,0.47,0.7,0.3,0.57,0.43,28470,0.65,0.35,40 to 59,0.52,0.48,1340000.0,0.52,188.0,42.0,0,0,0,0,0,1,0,0,1,1,0,1,0,0,0,0,1,0,0,0,0,0,0,0,8,Mosman Municipal Council,1,
"11 Euryalus Street, Mosman NSW 2088",Mosman,NSW,2088,2026-06-04,Sold prior to auction,7260000,6,4,3,879.0,House,0.3,2.0,5,3,Street,41.0,2.0,0.8,0.2,0.32,0.18,0.31,0.19,0.67,0.88,0.12,0.68,0.32,28470,0.65,0.35,40 to 59,0.52,0.48,,,,,0,0,0,0,0,0,0,0,0,0,0,0,0,0,0,0,0,0,0,0,0,0,0,0,8,Mosman Municipal Council,1,
"3/1A Oswald Street, Mosman NSW 2088",Mosman,NSW,2088,2026-06-04,Sold by private treaty,1140000,2,1,0,,Apartment / Unit / Flat,0.7,1.1,11,9,Building,7.0,1.0,0.7,0.3,0.28,0.23,0.28,0.22,0.5,0.7,0.3,0.7,0.3,28470,0.65,0.35,40 to 59,0.52,0.48,1340000.0,0.52,188.0,42.0,1,0,0,0,0,1,1,1,0,0,1,0,1,0,0,0,0,0,0,0,0,0,0,0,8,Mosman Municipal Council,0,
"96 Glover Street, Mosman NSW 2088",Mosman,NSW,2088,2026-06-02,Sold at auction,3390000,4,3,2,379.0,House,0.6,1.1,11,9,Street,215.0,7.0,0.75,0.25,0.25,0.2,0.31,0.24,0.51,0.62,0.38,0.56,0.44,28470,0.65,0.35,40 to 59,0.52,0.48,5087500.0,0.4,76.0,65.0,0,0,0,0,0,0,0,0,0,0,0,0,0,0,0,0,0,0,0,0,0,0,0,0,8,Mosman Municipal Council,1,
"17/22 Mosman Street, Mosman NSW 2088",Mosman,NSW,2088,2026-06-01,Sold prior to auction,827000,1,1,1,,Apartment / Unit / Flat,1.1,1.1,2,0,Building,73.0,5.0,0.25,0.75,0.24,0.3,0.29,0.16,0.4,0.42,0.58,0.55,0.45,28470,0.65,0.35,40 to 59,0.52,0.48,820000.0,0.73,111.0,31.0,0,0,0,0,0,0,0,0,0,0,0,0,0,0,0,0,0,0,0,0,0,0,0,0,8,Mosman Municipal Council,0,
"14 Calypso Avenue, Mosman NSW 2088",Mosman,NSW,2088,2026-05-30,Sold at auction,4820000,4,2,2,,House,0.1,0.6,10,8,Street,36.0,2.0,0.8,0.2,0.35,0.17,0.31,0.16,0.52,0.81,0.19,0.73,0.27,28470,0.65,0.35,40 to 59,0.52,0.48,5087500.0,0.4,76.0,65.0,1,0,0,0,0,1,1,1,1,0,0,0,0,0,0,0,0,0,0,0,0,0,0,0,8,Mosman Municipal Council,0,
"610/36-46 Cowper Street, Parramatta NSW 2150",Parramatta,NSW,2150,2026-09-14,Sold by private treaty,575000,2,2,1,113.0,Apartment / Unit / Flat,0.4,0.4,2,0,Building,224.0,12.0,0.4,0.6,0.18,0.59,0.2,0.03,,0.18,0.82,0.53,0.47,25793,0.29,0.71,20 to 39,0.55,0.45,642500.0,0.63,633.0,42.0,0,0,0,0,0,1,0,0,1,1,0,0,0,0,0,0,1,0,0,0,0,0,0,0,23,City of Parramatta Council,1,
"2/16 Betts Street, Parramatta NSW 2150",Parramatta,NSW,2150,2026-09-12,Sold by private treaty,660000,2,1,1,91.0,Apartment / Unit / Flat,0.9,0.4,3,0,Building,6.0,1.0,0.65,0.35,0.23,0.38,0.3,0.1,0.43,0.26,0.74,0.52,0.48,25793,0.29,0.71,20 to 39,0.55,0.45,642500.0,0.63,633.0,42.0,0,0,0,0,0,0,0,0,0,0,0,0,0,0,0,0,0,0,0,0,0,0,0,0,23,City of Parramatta Council,1,
"1404/1-3 Valentine Avenue, Parramatta NSW 2150",Parramatta,NSW,2150,2026-09-11,Sold by private treaty,320000,1,1,0,,Apartment / Unit / Flat,0.4,0.3,2,0,,,,,,0.23,0.5,0.23,0.04,,0.21,0.79,0.57,0.43,25793,0.29,0.71,20 to 39,0.55,0.45,492500.0,0.0,197.0,53.0,0,0,0,0,0,0,0,0,0,0,0,0,0,0,0,0,0,0,0,0,0,0,0,0,23,City of Parramatta Council,0,
"820K/2 Morton Street, Parramatta NSW 2150",Parramatta,NSW,2150,2026-09-11,Sold by private treaty,650000,2,2,1,,Apartment / Unit / Flat,0.9,0.5,3,0,,,,,,0.14,0.57,0.24,0.05,0.48,0.42,0.58,0.55,0.45,25793,0.29,0.71,20 to 39,0.55,0.45,642500.0,0.63,633.0,42.0,0,0,0,0,0,0,0,0,0,0,0,0,0,0,0,0,0,0,0,0,0,0,0,0,23,City of Parramatta Council,0,
"15/12 Early Street, Parramatta NSW 2150",Parramatta,NSW,2150,2026-09-11,Sold by private treaty,493000,2,1,1,92.0,Apartment / Unit / Flat,1.0,0.7,3,0,Building,24.0,1.0,0.65,0.35,0.18,0.48,0.26,0.08,0.35,0.24,0.76,0.6,0.4,25793,0.29,0.71,20 to 39,0.55,0.45,642500.0,0.63,633.0,42.0,0,0,0,0,0,0,0,0,0,0,0,0,0,0,0,0,0,0,0,0,0,0,0,0,23,City of Parramatta Council,1,
"33/68 Great Western Highway, Parramatta NSW 2150",Parramatta,NSW,2150,2026-09-11,Sold by private treaty,520000,2,1,1,116.0,Apartment / Unit / Flat,1.1,0.1,3,0,Building,54.0,1.0,0.45,0.55,0.23,0.47,0.22,0.08,0.25,0.21,0.79,0.63,0.37,25793,0.29,0.71,20 to 39,0.55,0.45,642500.0,0.63,633.0,42.0,0,0,0,0,0,0,0,0,0,0,0,0,0,0,0,0,0,0,0,0,0,0,0,0,23,City of Parramatta Council,1,
"505/23 Hassall Street, Parramatta NSW 2150",Parramatta,NSW,2150,2026-09-09,Sold by private treaty,660000,2,2,1,122.0,Apartment / Unit / Flat,0.3,0.3,2,0,Building,148.0,6.0,0.55,0.45,0.18,0.55,0.26,0.01,,0.29,0.71,0.61,0.39,25793,0.29,0.71,20 to 39,0.55,0.45,642500.0,0.63,633.0,42.0,0,0,0,0,0,1,0,0,1,0,1,0,0,0,0,0,1,0,0,0,0,0,1,0,23,City of Parramatta Council,1,
"89/459-463 Church Street, Parramatta NSW 2150",Parramatta,NSW,2150,2026-09-04,Sold by private treaty,580000,2,2,1,136.0,Apartment / Unit / Flat,0.1,1.2,3,0,Building,144.0,7.0,0.7,0.3,0.17,0.33,0.22,0.27,0.35,0.34,0.66,0.55,0.45,25793,0.29,0.71,20 to 39,0.55,0.45,642500.0,0.63,633.0,42.0,0,0,0,0,0,1,0,0,1,1,0,0,0,0,0,0,1,0,0,0,0,0,0,0,23,City of Parramatta Council,1,
"8/64-66 Great Western Highway, Parramatta NSW 2150",Parramatta,NSW,2150,2026-09-04,Sold by private treaty,425000,1,1,1,,Apartment / Unit / Flat,1.1,0.2,3,0,Building,91.0,2.0,0.4,0.6,0.23,0.47,0.22,0.08,0.25,0.21,0.79,0.63,0.37,25793,0.29,0.71,20 to 39,0.55,0.45,492500.0,0.0,197.0,53.0,0,0,0,0,0,0,0,0,0,0,0,0,0,0,0,0,0,0,0,0,0,0,0,0,23,City of Parramatta Council,0,
"1702/45 Macquarie Street, Parramatta NSW 2150",Parramatta,NSW,2150,2026-09-04,Sold by private treaty,705000,2,2,1,,Apartment / Unit / Flat,0.6,0.6,3,0,Building,524.0,31.0,0.4,0.6,0.2,0.5,0.23,0.07,0.19,0.27,0.73,0.55,0.45,25793,0.29,0.71,20 to 39,0.55,0.45,642500.0,0.63,633.0,42.0,0,0,0,0,0,0,0,0,0,0,0,0,0,0,0,0,0,0,0,0,0,0,0,0,23,City of Parramatta Council,0,
"10/4 Peace Lane, Parramatta NSW 2150",Parramatta,NSW,2150,2026-09-03,Sold by private treaty,570000,2,2,1,108.0,Apartment / Unit / Flat,0.4,0.7,11,9,Building,28.0,5.0,0.7,0.3,0.2,0.52,0.22,0.06,,0.17,0.83,0.64,0.36,25793,0.29,0.71,20 to 39,0.55,0.45,642500.0,0.63,633.0,42.0,0,0,0,0,0,0,0,0,0,0,0,0,0,0,0,0,0,0,0,0,0,0,0,0,23,City of Parramatta Council,1,
"3/23 Good Street, Parramatta NSW 2150",Parramatta,NSW,2150,2026-08-31,Sold by private treaty,569000,2,1,1,104.0,Apartment / Unit / Flat,0.7,0.3,14,10,Building,49.0,4.0,0.55,0.45,0.2,0.42,0.29,0.09,0.33,0.39,0.61,0.67,0.33,25793,0.29,0.71,20 to 39,0.55,0.45,642500.0,0.63,633.0,42.0,0,0,0,0,0,0,0,0,0,0,0,0,0,0,0,0,0,0,0,0,0,0,0,0,23,City of Parramatta Council,1,
"17/10-12 Thomas Street, Parramatta NSW 2150",Parramatta,NSW,2150,2026-08-31,Sold by private treaty,650000,2,1,1,,Apartment / Unit / Flat,0.7,0.3,11,7,Building,40.0,3.0,0.65,0.35,0.23,0.47,0.22,0.08,0.34,0.28,0.72,0.56,0.44,25793,0.29,0.71,20 to 39,0.55,0.45,642500.0,0.63,633.0,42.0,0,0,0,0,0,1,0,0,0,0,0,0,0,0,0,0,1,0,0,0,0,0,0,0,23,City of Parramatta Council,0,
"401/6 River Road West, Parramatta NSW 2150",Parramatta,NSW,2150,2026-08-30,Sold by private treaty,540000,2,2,1,108.0,Apartment / Unit / Flat,0.9,0.7,3,0,Building,106.0,5.0,0.5,0.5,0.21,0.37,0.27,0.14,0.52,0.37,0.63,0.49,0.51,25793,0.29,0.71,20 to 39,0.55,0.45,642500.0,0.63,633.0,42.0,0,0,0,0,0,0,0,0,0,0,0,0,0,0,0,0,0,0,0,0,0,0,0,0,23,City of Parramatta Council,1,
"1201/45 Macquarie Street, Parramatta NSW 2150",Parramatta,NSW,2150,2026-08-28,Sold by private treaty,566000,1,1,1,82.0,Apartment / Unit / Flat,0.6,0.2,13,10,Building,524.0,31.0,0.4,0.6,0.2,0.5,0.23,0.07,0.19,0.27,0.73,0.55,0.45,25793,0.29,0.71,20 to 39,0.55,0.45,492500.0,0.0,197.0,53.0,0,0,0,0,0,0,0,0,0,0,0,0,0,0,0,0,0,0,0,0,0,0,0,0,23,City of Parramatta Council,1,
"5/30-32 Queens Avenue, Parramatta NSW 2150",Parramatta,NSW,2150,2026-08-28,Sold by private treaty,680000,2,1,1,,Apartment / Unit / Flat,0.8,0.3,11,7,Building,9.0,2.0,0.2,0.8,0.19,0.39,0.3,0.12,0.36,0.23,0.77,0.59,0.41,25793,0.29,0.71,20 to 39,0.55,0.45,642500.0,0.63,633.0,42.0,1,0,0,0,1,1,1,1,1,1,1,1,0,1,1,0,0,1,1,1,0,0,1,1,23,City of Parramatta Council,0,
"11/32 Hassall Street, Parramatta NSW 2150",Parramatta,NSW,2150,2026-08-28,Sold by private treaty,590000,2,2,1,,Apartment / Unit / Flat,0.3,0.3,10,8,Building,30.0,4.0,0.45,0.55,0.22,0.51,0.22,0.05,0.33,0.31,0.69,0.61,0.39,25793,0.29,0.71,20 to 39,0.55,0.45,642500.0,0.63,633.0,42.0,0,0,0,0,0,1,0,0,1,1,1,1,1,0,0,0,1,0,0,0,0,0,0,0,23,City of Parramatta Council,0,
"C26/88-98 Marsden Street, Parramatta NSW 2150",Parramatta,NSW,2150,2026-08-27,Sold by private treaty,552000,2,2,1,,Apartment / Unit / Flat,0.9,0.4,13,10,,,,,,0.18,0.43,0.22,0.18,0.3,0.36,0.64,0.53,0.47,25793,0.29,0.71,20 to 39,0.55,0.45,642500.0,0.63,633.0,42.0,0,0,0,0,0,1,0,0,1,1,1,0,1,0,0,0,0,0,1,0,0,0,0,1,23,City of Parramatta Council,0,
"15/1 Good Street, Parramatta NSW 2150",Parramatta,NSW,2150,2026-08-27,Sold by private treaty,480000,2,1,1,,Apartment / Unit / Flat,0.8,0.2,14,10,,,,,,0.22,0.4,0.28,0.1,0.37,0.41,0.59,0.59,0.41,25793,0.29,0.71,20 to 39,0.55,0.45,642500.0,0.63,633.0,42.0,0,0,0,0,0,1,0,0,0,0,0,0,0,0,0,0,0,0,0,1,0,0,0,0,23,City of Parramatta Council,0,
"1417/32 Hunter Street (AKA 1417/45 Macquarie St), Parramatta NSW 2150",Parramatta,NSW,2150,2026-08-25,Sold by private treaty,560000,1,1,1,76.0,Apartment / Unit / Flat,0.6,0.2,13,10,Building,77.0,7.0,0.8,0.2,0.2,0.5,0.23,0.07,0.19,0.27,0.73,0.55,0.45,25793,0.29,0.71,20 to 39,0.55,0.45,492500.0,0.0,197.0,53.0,0,0,0,0,0,1,0,0,1,1,1,1,0,0,0,0,1,0,1,0,0,1,1,1,23,City of Parramatta Council,1,
"907/6-10 Charles Street, Parramatta NSW 2150",Parramatta,NSW,2150,2026-08-25,Sold by private treaty,720000,3,2,1,189.0,Apartment / Unit / Flat,0.1,0.2,10,8,Building,140.0,10.0,0.65,0.35,0.22,0.51,0.22,0.05,0.33,0.31,0.69,0.61,0.39,25793,0.29,0.71,20 to 39,0.55,0.45,820000.0,0.65,87.0,65.0,0,0,0,0,0,0,0,0,0,0,0,0,0,0,0,0,0,0,0,0,0,0,0,0,23,City of Parramatta Council,1,
"16L/15 Campbell Street, Parramatta NSW 2150",Parramatta,NSW,2150,2026-08-25,Sold at auction,405000,1,1,1,,Apartment / Unit / Flat,1.1,0.3,14,10,Building,205.0,8.0,0.35,0.65,0.19,0.53,0.2,0.08,0.38,0.22,0.78,0.64,0.36,25793,0.29,0.71,20 to 39,0.55,0.45,492500.0,0.0,197.0,53.0,0,0,0,0,0,0,0,0,0,0,0,0,0,0,0,0,0,0,0,0,0,0,0,0,23,City of Parramatta Council,0,
"D603/1 Broughton Street, Parramatta NSW 2150",Parramatta,NSW,2150,2026-08-25,Sold by private treaty,680000,2,2,1,,Apartment / Unit / Flat,0.8,0.5,9,6,Building,72.0,3.0,0.9,0.1,0.14,0.57,0.24,0.05,0.48,0.42,0.58,0.55,0.45,25793,0.29,0.71,20 to 39,0.55,0.45,642500.0,0.63,633.0,42.0,0,0,1,0,0,0,0,0,0,0,0,0,0,0,0,1,0,0,1,0,0,0,0,0,23,City of Parramatta Council,0,
"805/21 Hassall Street, Parramatta NSW 2150",Parramatta,NSW,2150,2026-08-24,Sold by private treaty,410000,1,1,0,,Apartment / Unit / Flat,0.2,0.3,11,9,Building,34.0,1.0,0.55,0.45,0.23,0.5,0.24,0.04,0.2,0.23,0.77,0.64,0.36,25793,0.29,0.71,20 to 39,0.55,0.45,492500.0,0.0,197.0,53.0,0,0,0,0,0,0,0,0,0,0,0,0,0,0,0,0,0,0,0,0,0,0,0,0,23,City of Parramatta Council,0,
"108/125-129 Arthur Street, Parramatta NSW 2150",Parramatta,NSW,2150,2026-08-21,Sold by private treaty,653000,2,1,1,89.0,Apartment / Unit / Flat,0.6,0.9,10,7,,,,,,0.21,0.37,0.27,0.14,0.52,0.37,0.63,0.49,0.51,25793,0.29,0.71,20 to 39,0.55,0.45,642500.0,0.63,633.0,42.0,0,0,0,0,0,0,0,0,0,0,0,0,0,0,0,0,0,0,0,0,0,0,0,0,23,City of Parramatta Council,1,
"219/88 Church Street, Parramatta NSW 2150",Parramatta,NSW,2150,2026-08-21,Sold by private treaty,600000,1,1,1,72.0,Apartment / Unit / Flat,0.5,0.5,12,10,Building,425.0,30.0,0.5,0.5,0.23,0.5,0.23,0.04,,0.21,0.79,0.57,0.43,25793,0.29,0.71,20 to 39,0.55,0.45,492500.0,0.0,197.0,53.0,0,0,0,0,0,0,0,0,0,0,0,0,0,0,0,0,0,0,0,0,0,0,0,0,23,City of Parramatta Council,1,
"41/3 Good Street, Parramatta NSW 2150",Parramatta,NSW,2150,2026-08-21,Sold by private treaty,641000,2,2,1,132.0,Apartment / Unit / Flat,0.8,0.2,14,10,Building,53.0,6.0,0.5,0.5,0.22,0.4,0.28,0.1,0.37,0.41,0.59,0.59,0.41,25793,0.29,0.71,20 to 39,0.55,0.45,642500.0,0.63,633.0,42.0,0,0,0,0,0,0,0,0,0,0,0,0,0,0,0,0,0,0,0,0,0,0,0,0,23,City of Parramatta Council,1,
"1502/88 Church Street, Parramatta NSW 2150",Parramatta,NSW,2150,2026-08-21,Sold by private treaty,800000,2,2,1,,Apartment / Unit / Flat,0.5,0.4,12,10,Building,425.0,30.0,0.5,0.5,0.23,0.5,0.23,0.04,,0.21,0.79,0.57,0.43,25793,0.29,0.71,20 to 39,0.55,0.45,642500.0,0.63,633.0,42.0,0,0,0,0,0,0,0,0,0,0,0,0,0,0,0,0,0,0,0,0,0,0,0,0,23,City of Parramatta Council,0,
"11/22-24 Tennyson Street, Parramatta NSW 2150",Parramatta,NSW,2150,2026-08-17,Sold by private treaty,650000,2,2,1,87.0,Apartment / Unit / Flat,0.8,0.9,8,5,Building,25.0,1.0,0.5,0.5,0.19,0.41,0.26,0.13,0.59,0.52,0.48,0.53,0.47,25793,0.29,0.71,20 to 39,0.55,0.45,642500.0,0.63,633.0,42.0,0,0,0,0,0,0,0,0,0,0,0,0,0,0,0,0,0,0,0,0,0,0,0,0,23,City of Parramatta Council,1,
"721/1-3 Valentine Avenue, Parramatta NSW 2150",Parramatta,NSW,2150,2026-08-17,Sold by private treaty,250000,0,1,0,,Apartment / Unit / Flat,0.4,0.3,12,10,,,,,,0.23,0.5,0.23,0.04,,0.21,0.79,0.57,0.43,25793,0.29,0.71,20 to 39,0.55,0.45,,,,,0,0,0,0,0,0,0,0,0,0,0,0,0,0,0,0,0,0,0,0,0,0,0,0,23,City of Parramatta Council,0,bedrooms=0 but property_type is not Studio - verify against source listing
"138 Railway St, Parramatta NSW 2150",Parramatta,NSW,2150,2026-08-14,Sold by private treaty,685000,2,1,1,,Townhouse,0.1,1.2,11,8,,,,,,0.27,0.28,0.26,0.19,0.64,0.61,0.39,0.63,0.37,25793,0.29,0.71,20 to 39,0.55,0.45,,0.0,7.0,,0,1,0,0,1,1,0,0,0,1,1,1,0,1,0,0,1,1,0,0,1,0,0,1,23,City of Parramatta Council,0,
"53/20 Victoria Road, Parramatta NSW 2150",Parramatta,NSW,2150,2026-08-13,Sold by private treaty,640000,2,2,1,122.0,Apartment / Unit / Flat,0.3,0.4,13,10,Building,166.0,7.0,0.5,0.5,0.21,0.43,0.27,0.08,0.23,0.26,0.74,0.55,0.45,25793,0.29,0.71,20 to 39,0.55,0.45,642500.0,0.63,633.0,42.0,1,0,1,0,1,1,1,1,1,1,1,1,0,1,1,1,1,1,1,1,1,1,0,0,23,City of Parramatta Council,1,
"5/5 Thomas Street, Parramatta NSW 2150",Parramatta,NSW,2150,2026-08-12,Sold by private treaty,530000,2,1,1,81.0,Apartment / Unit / Flat,0.7,0.3,10,6,Building,9.0,2.0,0.2,0.8,0.17,0.31,0.37,0.15,0.33,0.19,0.81,0.51,0.49,25793,0.29,0.71,20 to 39,0.55,0.45,642500.0,0.63,633.0,42.0,0,0,0,0,0,0,0,0,0,0,0,0,0,0,0,0,0,0,0,0,0,0,0,0,23,City of Parramatta Council,1,
"2/1-7 Bobart Street, Parramatta NSW 2150",Parramatta,NSW,2150,2026-08-12,Sold at auction,780000,2,1,1,251.0,Townhouse,0.7,0.3,13,10,Building,6.0,1.0,0.35,0.65,0.19,0.38,0.3,0.13,0.42,0.31,0.69,0.44,0.56,25793,0.29,0.71,20 to 39,0.55,0.45,,0.0,7.0,,0,0,0,0,0,0,0,0,0,0,0,0,0,0,0,0,0,0,0,0,0,0,0,0,23,City of Parramatta Council,1,
"3637/180 George Street, Parramatta NSW 2150",Parramatta,NSW,2150,2026-08-12,Sold by private treaty,623000,1,1,0,,Apartment / Unit / Flat,0.9,0.4,8,6,Building,770.0,60.0,0.9,0.1,0.19,0.56,0.2,0.05,0.26,0.19,0.81,0.64,0.36,25793,0.29,0.71,20 to 39,0.55,0.45,492500.0,0.0,197.0,53.0,1,0,0,0,0,1,1,1,1,0,1,1,0,1,1,0,0,0,0,0,0,1,0,0,23,City of Parramatta Council,0,
"33 Rosehill St, Parramatta NSW 2150",Parramatta,NSW,2150,2026-08-08,Sold by private treaty,2080000,4,1,1,691.0,House,0.8,0.9,13,10,Street,94.0,4.0,0.65,0.35,0.23,0.4,0.27,0.1,0.39,0.4,0.6,0.6,0.4,25793,0.29,0.71,20 to 39,0.55,0.45,1507500.0,0.4,11.0,,0,0,0,0,0,0,0,0,0,0,0,0,0,0,0,0,0,0,0,0,0,0,0,0,23,City of Parramatta Council,1,
"4/39 Great Western Highway, Parramatta NSW 2150",Parramatta,NSW,2150,2026-08-07,Sold by private treaty,560000,2,1,1,1737.0,Apartment / Unit / Flat,1.0,0.4,13,10,Building,25.0,2.0,0.35,0.65,0.18,0.48,0.26,0.08,0.35,0.24,0.76,0.6,0.4,25793,0.29,0.71,20 to 39,0.55,0.45,642500.0,0.63,633.0,42.0,0,0,0,0,0,0,0,0,0,0,0,0,0,0,0,0,0,0,0,0,0,0,0,0,23,City of Parramatta Council,1,
"C19/88 Marsden St, Parramatta NSW 2150",Parramatta,NSW,2150,2026-08-07,Sold by private treaty,520000,2,2,1,,Apartment / Unit / Flat,0.9,0.4,13,10,,,,,,0.18,0.43,0.22,0.18,0.3,0.36,0.64,0.53,0.47,25793,0.29,0.71,20 to 39,0.55,0.45,642500.0,0.63,633.0,42.0,0,0,0,0,0,0,0,0,0,0,0,0,0,0,0,0,0,0,0,0,0,0,0,0,23,City of Parramatta Council,0,
"1001/1A Morton Street, Parramatta NSW 2150",Parramatta,NSW,2150,2026-08-07,Sold by private treaty,635000,2,2,1,127.0,Apartment / Unit / Flat,0.9,0.4,9,6,Building,359.0,35.0,0.5,0.5,0.13,0.25,0.2,0.42,0.58,0.42,0.58,0.43,0.57,25793,0.29,0.71,20 to 39,0.55,0.45,642500.0,0.63,633.0,42.0,1,1,1,0,0,1,1,1,1,1,1,1,0,1,0,1,1,1,1,1,1,1,1,1,23,City of Parramatta Council,1,
"5/13 Queens Avenue, Parramatta NSW 2150",Parramatta,NSW,2150,2026-08-07,Sold by private treaty,435000,1,1,1,,Apartment / Unit / Flat,0.7,0.3,10,6,Building,20.0,1.0,0.9,0.1,0.17,0.31,0.37,0.15,0.33,0.19,0.81,0.51,0.49,25793,0.29,0.71,20 to 39,0.55,0.45,492500.0,0.0,197.0,53.0,1,0,0,0,0,0,1,1,1,0,0,1,0,0,0,0,0,1,1,0,1,0,1,1,23,City of Parramatta Council,0,
"3001/11 Hassall St, Parramatta NSW 2150",Parramatta,NSW,2150,2026-08-02,Sold by private treaty,740000,2,2,1,,Apartment / Unit / Flat,0.2,0.3,11,9,Building,229.0,14.0,0.45,0.55,0.23,0.5,0.24,0.04,0.2,0.23,0.77,0.64,0.36,25793,0.29,0.71,20 to 39,0.55,0.45,642500.0,0.63,633.0,42.0,0,0,0,0,0,0,0,0,0,0,0,0,0,0,0,0,0,0,0,0,0,0,0,0,23,City of Parramatta Council,0,
"6901/1A Morton Street, Parramatta NSW 2150",Parramatta,NSW,2150,2026-07-31,Sold by private treaty,688000,2,2,1,113.0,Apartment / Unit / Flat,0.9,0.4,9,6,Building,359.0,34.0,0.5,0.5,0.13,0.25,0.2,0.42,0.58,0.42,0.58,0.43,0.57,25793,0.29,0.71,20 to 39,0.55,0.45,642500.0,0.63,633.0,42.0,0,0,0,0,0,0,0,0,0,0,0,0,0,0,0,0,0,0,0,0,0,0,0,0,23,City of Parramatta Council,1,
"1/6 Sorrell St, Parramatta NSW 2150",Parramatta,NSW,2150,2026-07-31,Sold by private treaty,805000,3,2,2,157.0,Apartment / Unit / Flat,0.4,0.4,12,8,Building,31.0,4.0,0.7,0.3,0.19,0.47,0.28,0.05,0.26,0.21,0.79,0.64,0.36,25793,0.29,0.71,20 to 39,0.55,0.45,820000.0,0.65,87.0,65.0,0,0,0,0,0,0,0,0,0,0,0,0,0,0,0,0,0,0,0,0,0,0,0,0,23,City of Parramatta Council,1,
"12/37 Fennell Street, Parramatta NSW 2150",Parramatta,NSW,2150,2026-07-17,Sold by private treaty,695000,3,1,1,,Apartment / Unit / Flat,0.3,0.4,13,9,Building,19.0,1.0,0.75,0.25,0.21,0.43,0.27,0.08,0.23,0.26,0.74,0.55,0.45,25793,0.29,0.71,20 to 39,0.55,0.45,820000.0,0.65,87.0,65.0,0,0,0,0,0,0,0,0,0,0,0,0,0,0,0,0,0,0,0,0,0,0,0,0,23,City of Parramatta Council,0,
"4/13 Henry Street, Parramatta NSW 2150",Parramatta,NSW,2150,2026-07-30,Sold at auction,580000,2,1,1,,Apartment / Unit / Flat,0.9,0.4,10,7,Building,6.0,1.0,0.65,0.35,0.23,0.38,0.3,0.1,0.43,0.26,0.74,0.52,0.48,25793,0.29,0.71,20 to 39,0.55,0.45,642500.0,0.63,633.0,42.0,0,0,0,0,0,0,0,0,0,0,0,0,0,0,0,0,0,0,0,0,0,0,0,0,23,City of Parramatta Council,0,
"35/5-15 Union Street, Parramatta NSW 2150",Parramatta,NSW,2150,2026-07-29,Sold by private treaty,528000,2,1,1,,Apartment / Unit / Flat,0.2,0.3,9,7,Building,53.0,4.0,0.35,0.65,0.19,0.56,0.2,0.05,0.26,0.19,0.81,0.64,0.36,25793,0.29,0.71,20 to 39,0.55,0.45,642500.0,0.63,633.0,42.0,0,0,0,0,0,1,0,0,0,1,0,1,0,0,0,0,1,0,0,0,0,0,0,0,23,City of Parramatta Council,0,
"907/29 Hunter Street, Parramatta NSW 2150",Parramatta,NSW,2150,2026-07-08,Sold by private treaty,555000,2,2,1,,Apartment / Unit / Flat,0.7,0.1,13,10,Building,139.0,6.0,0.3,0.7,0.2,0.5,0.23,0.07,0.19,0.27,0.73,0.55,0.45,25793,0.29,0.71,20 to 39,0.55,0.45,642500.0,0.63,633.0,42.0,0,0,0,0,0,0,0,0,0,0,0,0,0,0,0,0,0,0,0,0,0,0,0,0,23,City of Parramatta Council,0,
"2/15-19 Early Street, Parramatta NSW 2150",Parramatta,NSW,2150,2026-08-04,Sold by private treaty,588000,2,1,1,150.0,Apartment / Unit / Flat,0.8,0.6,13,10,Building,17.0,1.0,0.3,0.7,0.17,0.53,0.22,0.08,0.44,0.29,0.71,0.51,0.49,25793,0.29,0.71,20 to 39,0.55,0.45,642500.0,0.63,633.0,42.0,0,0,0,0,0,0,0,0,0,0,0,0,0,0,0,0,0,0,0,0,0,0,0,0,23,City of Parramatta Council,1,
"3/11 O'Reilly Street, Parramatta NSW 2150",Parramatta,NSW,2150,2026-08-11,Sold by private treaty,657000,2,2,1,145.0,Apartment / Unit / Flat,0.7,0.2,14,10,Building,10.0,3.0,0.4,0.6,0.27,0.44,0.24,0.06,0.23,0.26,0.74,0.62,0.38,25793,0.29,0.71,20 to 39,0.55,0.45,642500.0,0.63,633.0,42.0,0,0,0,0,0,0,0,0,0,0,0,0,0,0,0,0,0,0,0,0,0,0,0,0,23,City of Parramatta Council,1,
"34/105-107 Church Street, Parramatta NSW 2150",Parramatta,NSW,2150,2026-07-28,Sold by private treaty,625000,2,2,1,,Apartment / Unit / Flat,0.8,0.5,12,10,Building,54.0,3.0,0.5,0.5,0.22,0.52,0.22,0.04,0.31,0.21,0.79,0.59,0.41,25793,0.29,0.71,20 to 39,0.55,0.45,642500.0,0.63,633.0,42.0,0,0,0,0,0,0,0,0,0,0,0,0,0,0,0,0,0,0,0,0,0,0,0,0,23,City of Parramatta Council,0,
"3/22-24 Thomas Street, Parramatta NSW 2150",Parramatta,NSW,2150,2026-07-27,Sold by private treaty,667000,2,1,2,122.0,Apartment / Unit / Flat,0.8,0.3,11,7,Building,16.0,1.0,0.7,0.3,0.22,0.37,0.27,0.14,0.35,0.29,0.71,0.65,0.35,25793,0.29,0.71,20 to 39,0.55,0.45,642500.0,0.63,633.0,42.0,1,0,0,0,0,1,1,1,0,1,0,1,0,1,1,0,0,1,1,1,0,0,0,1,23,City of Parramatta Council,1,
"1330K/2 Morton Street, Parramatta NSW 2150",Parramatta,NSW,2150,2026-07-25,Sold at auction,740000,2,2,1,12280.0,Apartment / Unit / Flat,0.9,0.5,9,6,,,,,,0.14,0.57,0.24,0.05,0.48,0.42,0.58,0.55,0.45,25793,0.29,0.71,20 to 39,0.55,0.45,642500.0,0.63,633.0,42.0,0,0,0,0,0,0,0,0,0,0,0,0,0,0,0,0,0,0,0,0,0,0,0,0,23,City of Parramatta Council,1,
"15/7-11 Elizabeth Street, Parramatta NSW 2150",Parramatta,NSW,2150,2026-07-25,Sold at auction,650000,2,1,1,112.0,Apartment / Unit / Flat,0.6,0.5,12,8,Building,38.0,1.0,0.35,0.65,0.22,0.35,0.28,0.16,0.42,0.31,0.69,0.61,0.39,25793,0.29,0.71,20 to 39,0.55,0.45,642500.0,0.63,633.0,42.0,0,0,0,0,0,0,0,0,0,0,0,0,0,0,0,0,0,0,0,0,0,0,0,0,23,City of Parramatta Council,1,
"27/9-11 Cowper Street, Parramatta NSW 2150",Parramatta,NSW,2150,2026-07-23,Sold by private treaty,800000,3,2,2,149.0,Apartment / Unit / Flat,0.6,0.6,2,0,Building,55.0,1.0,0.45,0.55,0.18,0.59,0.2,0.03,,0.18,0.82,0.53,0.47,25793,0.29,0.71,20 to 39,0.55,0.45,820000.0,0.65,87.0,65.0,0,0,0,0,0,0,0,0,0,0,0,0,0,0,0,0,0,0,0,0,0,0,0,0,23,City of Parramatta Council,1,
"6/89 Great Western Highway, Parramatta NSW 2150",Parramatta,NSW,2150,2026-07-15,Sold by private treaty,460000,2,1,1,78.0,Apartment / Unit / Flat,0.8,0.1,14,10,Building,9.0,1.0,0.45,0.55,0.27,0.44,0.24,0.06,0.23,0.26,0.74,0.62,0.38,25793,0.29,0.71,20 to 39,0.55,0.45,642500.0,0.63,633.0,42.0,1,0,0,1,0,0,1,1,1,0,0,0,0,1,1,0,0,0,1,0,1,0,1,1,23,City of Parramatta Council,1,
"12/128 Macquarie Street, Parramatta NSW 2150",Parramatta,NSW,2150,2026-07-22,Sold by private treaty,532000,2,1,2,136.0,Apartment / Unit / Flat,0.2,0.3,9,7,Building,47.0,4.0,0.3,0.7,0.19,0.56,0.2,0.05,0.26,0.19,0.81,0.64,0.36,25793,0.29,0.71,20 to 39,0.55,0.45,642500.0,0.63,633.0,42.0,1,0,0,0,0,0,1,1,0,0,0,1,0,1,0,0,0,0,0,1,1,0,0,0,23,City of Parramatta Council,1,
"3/130 Newton Road, Blacktown NSW 2148",Blacktown,NSW,2148,2026-09-14,Sold by private treaty,700000,2,1,1,156.0,Townhouse,0.2,1.4,9,6,Building,8.0,,0.65,0.35,0.27,0.26,0.27,0.19,0.69,0.71,0.29,0.52,0.48,47175,0.59,0.41,20 to 39,0.53,0.47,899500.0,0.71,66.0,29.0,1,0,0,0,1,1,1,1,1,1,0,0,0,0,1,0,1,1,1,0,1,0,1,0,34,Blacktown City Council,1,
"4 &4 A Joseph Street, Blacktown NSW 2148",Blacktown,NSW,2148,2026-09-14,Sold by private treaty,1340000,5,2,5,713.0,House,0.3,0.9,10,7,Street,98.0,3.0,0.7,0.3,0.29,0.25,0.25,0.22,0.74,0.67,0.33,0.59,0.41,47175,0.59,0.41,20 to 39,0.53,0.47,1448800.0,0.45,46.0,62.0,0,0,1,0,0,0,0,0,0,1,0,0,0,0,0,0,0,0,0,0,0,0,0,0,34,Blacktown City Council,1,
"3/28 Frederick Street, Blacktown NSW 2148",Blacktown,NSW,2148,2026-09-14,Sold by private treaty,732500,2,1,1,,Townhouse,0.6,1.2,3,0,Building,6.0,1.0,0.85,0.15,0.28,0.3,0.27,0.15,0.66,0.59,0.41,0.51,0.49,47175,0.59,0.41,20 to 39,0.53,0.47,899500.0,0.71,66.0,29.0,0,1,0,0,0,1,0,0,1,1,0,0,0,0,0,0,1,0,0,0,0,0,0,0,34,Blacktown City Council,0,
"42 Burke Street, Blacktown NSW 2148",Blacktown,NSW,2148,2026-09-11,Sold by private treaty,1260000,5,3,6,,House,0.3,0.6,3,0,Street,71.0,3.0,0.75,0.25,0.26,0.27,0.29,0.18,0.73,0.77,0.23,0.55,0.45,47175,0.59,0.41,20 to 39,0.53,0.47,1448800.0,0.45,46.0,62.0,1,0,0,1,1,1,1,1,1,0,0,0,0,0,0,0,0,1,0,1,0,0,0,0,34,Blacktown City Council,0,
"20/5-9 Fourth Avenue, Blacktown NSW 2148",Blacktown,NSW,2148,2026-09-10,Sold by private treaty,441000,2,1,1,,Apartment / Unit / Flat,0.6,0.3,9,5,,,,,,0.27,0.41,0.24,0.07,0.26,0.21,0.79,0.65,0.35,47175,0.59,0.41,20 to 39,0.53,0.47,464000.0,0.0,256.0,35.0,0,0,0,0,0,0,0,0,0,0,0,0,0,0,0,0,0,0,0,0,0,0,0,0,34,Blacktown City Council,0,
"36/2-4 Fourth Avenue, Blacktown NSW 2148",Blacktown,NSW,2148,2026-09-10,Sold by private treaty,415000,2,1,1,103.0,Apartment / Unit / Flat,0.7,0.4,3,0,Building,53.0,3.0,0.4,0.6,0.27,0.41,0.24,0.07,0.26,0.21,0.79,0.65,0.35,47175,0.59,0.41,20 to 39,0.53,0.47,464000.0,0.0,256.0,35.0,0,0,0,0,0,0,0,0,0,0,0,0,0,0,0,0,0,0,0,0,0,0,0,0,34,Blacktown City Council,1,
"13/8-18 Wallace Street, Blacktown NSW 2148",Blacktown,NSW,2148,2026-09-09,Sold by private treaty,463000,2,2,1,,Apartment / Unit / Flat,,0.7,3,0,Building,54.0,16.0,0.7,0.3,0.26,0.47,0.2,0.06,0.21,0.33,0.67,0.73,0.27,47175,0.59,0.41,20 to 39,0.53,0.47,464000.0,0.0,256.0,35.0,0,0,1,0,0,0,0,0,0,0,0,0,0,0,0,1,0,0,0,0,0,0,0,0,34,Blacktown City Council,0,
"9 Cardiff Street, Blacktown NSW 2148",Blacktown,NSW,2148,2026-09-08,Sold by private treaty,1089000,5,2,2,556.4,House,0.3,0.7,11,6,,,,,,0.14,0.22,0.2,0.44,0.53,0.55,0.45,0.52,0.48,47175,0.59,0.41,20 to 39,0.53,0.47,1448800.0,0.45,46.0,62.0,0,0,0,0,0,0,0,0,0,0,0,0,0,0,0,0,0,0,0,0,0,0,0,0,34,Blacktown City Council,1,
"52 Balmoral Street, Blacktown NSW 2148",Blacktown,NSW,2148,2026-09-08,Sold by private treaty,1300000,4,1,1,696.77,House,0.3,0.5,10,7,Street,297.0,17.0,0.7,0.3,0.21,0.39,0.24,0.17,0.55,0.4,0.6,0.46,0.54,47175,0.59,0.41,20 to 39,0.53,0.47,1200500.0,0.63,151.0,37.0,1,0,0,0,0,0,1,1,0,0,0,0,0,0,0,0,0,0,0,0,0,0,0,0,34,Blacktown City Council,1,
"11/130 Main Street, Blacktown NSW 2148",Blacktown,NSW,2148,2026-09-02,Sold by private treaty,375000,1,1,1,,Apartment / Unit / Flat,1.1,0.2,8,5,Building,85.0,7.0,0.5,0.5,0.26,0.56,0.17,0.0,0.14,0.17,0.83,0.71,0.29,47175,0.59,0.41,20 to 39,0.53,0.47,435000.0,0.0,18.0,22.0,1,0,0,0,0,1,1,1,1,0,0,0,0,0,0,0,0,0,0,0,0,0,0,0,34,Blacktown City Council,0,
"17 Carinya Street, Blacktown NSW 2148",Blacktown,NSW,2148,2026-09-01,Sold by private treaty,1600000,3,1,1,1182.4,House,0.4,0.7,7,5,Street,276.0,14.0,0.7,0.3,0.24,0.34,0.26,0.16,0.4,0.48,0.52,0.56,0.44,47175,0.59,0.41,20 to 39,0.53,0.47,1060000.0,0.71,299.0,23.0,0,0,0,0,0,0,0,0,0,0,0,0,0,0,0,0,0,0,0,0,0,0,0,0,34,Blacktown City Council,1,
"1103/5 Second Avenue, Blacktown NSW 2148",Blacktown,NSW,2148,2026-09-01,Sold by private treaty,420000,2,2,1,,Apartment / Unit / Flat,,0.5,3,0,Building,134.0,21.0,0.7,0.3,0.17,0.53,0.2,0.1,0.35,0.23,0.77,0.51,0.49,47175,0.59,0.41,20 to 39,0.53,0.47,464000.0,0.0,256.0,35.0,0,0,1,0,0,1,0,0,1,1,1,0,0,0,1,1,1,0,0,0,0,0,0,0,34,Blacktown City Council,0,
"38-38A Burrell Parade, Blacktown NSW 2148",Blacktown,NSW,2148,2026-08-28,Sold by private treaty,1480000,5,3,4,563.0,House,1.0,1.0,8,6,Street,74.0,3.0,0.7,0.3,0.28,0.3,0.27,0.15,0.71,0.71,0.29,0.59,0.41,47175,0.59,0.41,20 to 39,0.53,0.47,1448800.0,0.45,46.0,62.0,1,0,1,0,0,1,1,1,1,0,0,0,0,0,1,1,0,0,0,0,0,0,0,0,34,Blacktown City Council,1,
"73/31 Third Avenue, Blacktown NSW 2148",Blacktown,NSW,2148,2026-08-26,Sold by private treaty,452000,2,2,1,,Apartment / Unit / Flat,0.8,0.3,9,5,Building,74.0,9.0,0.55,0.45,0.23,0.58,0.15,0.04,,0.27,0.73,0.81,0.19,47175,0.59,0.41,20 to 39,0.53,0.47,464000.0,0.0,256.0,35.0,0,0,0,0,0,0,0,0,0,0,0,0,0,0,0,0,0,0,0,0,0,0,0,0,34,Blacktown City Council,0,
"19 Stephen Street, Blacktown NSW 2148",Blacktown,NSW,2148,2026-08-26,Sold by private treaty,1062500,3,1,1,575.4,House,0.5,0.8,3,0,Street,270.0,11.0,0.75,0.25,0.26,0.37,0.23,0.14,0.61,0.51,0.49,0.45,0.55,47175,0.59,0.41,20 to 39,0.53,0.47,1060000.0,0.71,299.0,23.0,0,0,0,0,0,0,0,0,0,0,0,0,0,0,0,0,0,0,0,0,0,0,0,0,34,Blacktown City Council,1,
"39 Burke Street, Blacktown NSW 2148",Blacktown,NSW,2148,2026-08-26,Sold by private treaty,1500000,5,3,2,,House,0.4,0.7,3,0,Street,71.0,4.0,0.75,0.25,0.26,0.27,0.29,0.18,0.73,0.77,0.23,0.55,0.45,47175,0.59,0.41,20 to 39,0.53,0.47,1448800.0,0.45,46.0,62.0,1,0,0,1,0,1,1,1,1,0,0,0,1,0,0,0,1,0,0,0,0,0,0,0,34,Blacktown City Council,0,
"6 Fringe Glade, Blacktown NSW 2148",Blacktown,NSW,2148,2026-08-24,Sold by private treaty,790000,2,2,1,126.0,Townhouse,0.7,1.3,3,0,Street,9.0,1.0,0.65,0.35,0.16,0.48,0.3,0.07,,1.0,0.0,0.91,0.09,47175,0.59,0.41,20 to 39,0.53,0.47,899500.0,0.71,66.0,29.0,0,0,0,0,0,0,0,0,0,0,0,0,0,0,0,0,0,0,0,0,0,0,0,0,34,Blacktown City Council,1,
"903/5 Second Avenue, Blacktown NSW 2148",Blacktown,NSW,2148,2026-08-24,Sold by private treaty,600000,3,2,2,179.0,Apartment / Unit / Flat,,0.5,3,0,Building,134.0,21.0,0.7,0.3,0.17,0.53,0.2,0.1,0.35,0.23,0.77,0.51,0.49,47175,0.59,0.41,20 to 39,0.53,0.47,741000.0,0.0,35.0,33.0,0,0,0,0,0,0,0,0,0,0,0,0,0,0,0,0,0,0,0,0,0,0,0,0,34,Blacktown City Council,1,
"13 Lancaster Street, Blacktown NSW 2148",Blacktown,NSW,2148,2026-08-22,Sold at auction,1900000,7,4,6,739.8,House,0.2,1.6,9,6,Street,134.0,7.0,0.7,0.3,0.28,0.3,0.24,0.18,0.56,0.64,0.36,0.56,0.44,47175,0.59,0.41,20 to 39,0.53,0.47,,,,,0,0,0,0,0,0,0,0,0,0,0,0,0,0,0,0,0,0,1,0,0,0,0,0,34,Blacktown City Council,1,
"79/21-29 Third Avenue, Blacktown NSW 2148",Blacktown,NSW,2148,2026-08-21,Sold by private treaty,435000,2,2,1,122.0,Apartment / Unit / Flat,0.7,0.3,3,0,Building,116.0,8.0,0.7,0.3,0.26,0.51,0.22,0.02,0.15,0.3,0.7,0.75,0.25,47175,0.59,0.41,20 to 39,0.53,0.47,464000.0,0.0,256.0,35.0,1,0,0,0,0,1,1,1,0,0,0,0,0,0,0,0,0,0,0,0,0,0,0,0,34,Blacktown City Council,1,
"41/25 Mantaka Street, Blacktown NSW 2148",Blacktown,NSW,2148,2026-08-20,Sold by private treaty,435000,2,1,1,84.0,Apartment / Unit / Flat,0.8,1.2,3,0,Building,73.0,8.0,0.35,0.65,0.29,0.34,0.26,0.11,0.44,0.39,0.61,0.63,0.37,47175,0.59,0.41,20 to 39,0.53,0.47,464000.0,0.0,256.0,35.0,1,0,0,0,0,1,1,1,0,0,0,0,0,0,0,0,0,0,0,0,0,0,0,0,34,Blacktown City Council,1,
"41 Dagmar Crescent, Blacktown NSW 2148",Blacktown,NSW,2148,2026-08-18,Sold by private treaty,880000,3,1,2,569.1,House,0.9,1.2,3,0,Street,65.0,5.0,0.65,0.35,0.22,0.29,0.26,0.22,0.72,0.67,0.33,0.52,0.48,47175,0.59,0.41,20 to 39,0.53,0.47,1060000.0,0.71,299.0,23.0,0,0,0,0,0,0,0,0,0,0,0,0,0,0,0,0,0,0,0,0,0,0,0,0,34,Blacktown City Council,1,
"94 Lancelot Street, Blacktown NSW 2148",Blacktown,NSW,2148,2026-08-18,Sold by private treaty,950000,3,1,1,562.7,House,0.9,0.9,3,0,,,,,,0.28,0.29,0.27,0.16,0.62,0.77,0.23,0.55,0.45,47175,0.59,0.41,20 to 39,0.53,0.47,1060000.0,0.71,299.0,23.0,1,0,0,0,0,0,1,1,1,0,0,0,0,0,0,0,0,0,0,0,0,0,0,0,34,Blacktown City Council,1,
"69/25 Mantaka Street, Blacktown NSW 2148",Blacktown,NSW,2148,2026-08-17,Sold by private treaty,419000,2,1,1,84.0,Apartment / Unit / Flat,0.7,1.2,3,0,Building,73.0,8.0,0.35,0.65,0.29,0.34,0.26,0.11,0.44,0.39,0.61,0.63,0.37,47175,0.59,0.41,20 to 39,0.53,0.47,464000.0,0.0,256.0,35.0,0,0,0,0,0,0,0,0,0,0,0,0,0,0,0,0,0,0,0,0,0,0,0,0,34,Blacktown City Council,1,
"41 Anthony Street, Blacktown NSW 2148",Blacktown,NSW,2148,2026-08-17,Sold by private treaty,910000,3,1,1,,House,0.7,1.6,3,0,Street,70.0,3.0,0.65,0.35,0.24,0.36,0.24,0.16,0.75,0.58,0.42,0.51,0.49,47175,0.59,0.41,20 to 39,0.53,0.47,1060000.0,0.71,299.0,23.0,1,0,0,1,0,0,1,1,0,0,0,0,1,0,0,0,1,0,1,0,0,0,0,0,34,Blacktown City Council,0,
"36/130 Main Street, Blacktown NSW 2148",Blacktown,NSW,2148,2026-08-17,Sold by private treaty,443000,2,2,1,,Apartment / Unit / Flat,1.1,1.5,3,0,Building,85.0,7.0,0.5,0.5,0.26,0.56,0.17,0.0,0.14,0.17,0.83,0.71,0.29,47175,0.59,0.41,20 to 39,0.53,0.47,464000.0,0.0,256.0,35.0,0,0,0,0,0,0,0,0,0,0,0,0,0,0,0,0,0,0,0,0,0,0,0,0,34,Blacktown City Council,0,
"45 & 45a Dina Beth Avenue, Blacktown NSW 2148",Blacktown,NSW,2148,2026-08-14,Sold by private treaty,1250000,5,2,4,,House,0.7,1.5,2,0,Street,60.0,1.0,0.75,0.25,0.28,0.26,0.28,0.18,0.68,0.65,0.35,0.54,0.46,47175,0.59,0.41,20 to 39,0.53,0.47,1448800.0,0.45,46.0,62.0,0,0,0,0,0,1,0,0,1,0,0,0,0,0,0,1,0,0,0,0,0,0,0,0,34,Blacktown City Council,0,
"28 Eggleton Street, Blacktown NSW 2148",Blacktown,NSW,2148,2026-08-13,Sold by private treaty,1263000,3,1,2,866.0,House,0.8,1.6,3,0,Street,125.0,4.0,0.7,0.3,0.24,0.36,0.24,0.16,0.75,0.58,0.42,0.51,0.49,47175,0.59,0.41,20 to 39,0.53,0.47,1060000.0,0.71,299.0,23.0,0,0,0,0,0,0,0,0,0,0,0,0,0,0,0,0,0,0,0,0,0,0,0,0,34,Blacktown City Council,1,
"12 Glamorgan Street, Blacktown NSW 2148",Blacktown,NSW,2148,2026-08-11,Sold by private treaty,1030000,3,1,1,556.0,House,0.7,0.6,3,0,Street,37.0,1.0,0.55,0.45,0.33,0.29,0.22,0.16,0.72,0.73,0.27,0.57,0.43,47175,0.59,0.41,20 to 39,0.53,0.47,1060000.0,0.71,299.0,23.0,1,0,0,0,0,0,1,1,0,0,0,0,0,0,0,0,0,0,0,0,0,0,0,0,34,Blacktown City Council,1,
"15/25 Kildare Road, Blacktown NSW 2148",Blacktown,NSW,2148,2026-06-30,Sold by private treaty,460000,2,1,1,83.0,Apartment / Unit / Flat,1.0,2.4,2,0,,,,,,0.25,0.42,0.23,0.1,0.31,0.25,0.75,0.63,0.37,47175,0.59,0.41,20 to 39,0.53,0.47,464000.0,0.0,256.0,35.0,1,0,0,1,0,1,1,1,1,1,0,1,0,1,1,1,0,0,0,1,1,0,1,1,34,Blacktown City Council,1,
"41 Burrell Parade, Blacktown NSW 2148",Blacktown,NSW,2148,2026-07-28,Sold by private treaty,960000,3,1,2,556.0,House,0.9,1.0,2,0,Street,74.0,3.0,0.7,0.3,0.27,0.34,0.23,0.16,0.63,0.62,0.38,0.56,0.44,47175,0.59,0.41,20 to 39,0.53,0.47,1060000.0,0.71,299.0,23.0,0,0,0,0,0,0,0,0,0,0,0,0,0,0,0,0,0,0,0,0,0,0,0,0,34,Blacktown City Council,1,
"57 Walters Road, Blacktown NSW 2148",Blacktown,NSW,2148,2026-08-08,Sold at auction,1221000,3,1,1,835.0,House,1.0,1.2,3,0,Street,327.0,9.0,0.75,0.25,0.22,0.29,0.26,0.22,0.72,0.67,0.33,0.52,0.48,47175,0.59,0.41,20 to 39,0.53,0.47,1060000.0,0.71,299.0,23.0,0,0,0,0,0,0,0,0,0,0,0,0,0,0,0,0,0,0,0,0,0,0,0,0,34,Blacktown City Council,1,
"29/17-19 Third Avenue, Blacktown NSW 2148",Blacktown,NSW,2148,2026-08-07,Sold by private treaty,455000,2,1,1,,Apartment / Unit / Flat,0.7,0.4,3,0,Building,48.0,5.0,0.4,0.6,0.26,0.51,0.22,0.02,0.15,0.3,0.7,0.75,0.25,47175,0.59,0.41,20 to 39,0.53,0.47,464000.0,0.0,256.0,35.0,0,0,0,0,0,0,0,0,0,0,0,0,0,0,0,0,0,0,0,0,0,0,0,0,34,Blacktown City Council,0,
"4/313 Flushcombe Road, Blacktown NSW 2148",Blacktown,NSW,2148,2026-08-05,Sold by private treaty,920000,3,2,2,236.0,Townhouse,1.6,1.5,2,0,Building,7.0,1.0,0.7,0.3,0.31,0.28,0.26,0.14,0.76,0.11,0.89,0.36,0.64,47175,0.59,0.41,20 to 39,0.53,0.47,1060000.0,0.71,299.0,23.0,0,0,0,0,0,0,0,0,0,0,0,0,0,0,0,0,0,0,0,0,0,0,0,0,34,Blacktown City Council,1,
"12 Siebel Street, Blacktown NSW 2148",Blacktown,NSW,2148,2026-07-22,Sold by private treaty,1080000,5,2,1,560.0,House,0.4,1.4,2,0,Street,23.0,1.0,0.65,0.35,0.28,0.29,0.28,0.16,0.61,0.67,0.33,0.54,0.46,47175,0.59,0.41,20 to 39,0.53,0.47,1448800.0,0.45,46.0,62.0,0,1,0,0,0,0,0,0,1,0,0,0,0,0,0,0,0,0,0,0,0,0,0,0,34,Blacktown City Council,1,
"12/15 DEVITT STREET, Blacktown NSW 2148",Blacktown,NSW,2148,2026-08-03,Sold by private treaty,465000,2,1,1,,Apartment / Unit / Flat,0.8,1.0,3,0,Building,49.0,3.0,0.45,0.55,0.24,0.4,0.26,0.09,0.29,0.22,0.78,0.59,0.41,47175,0.59,0.41,20 to 39,0.53,0.47,464000.0,0.0,256.0,35.0,0,0,0,0,0,0,0,0,0,0,0,0,0,0,0,0,0,0,0,0,0,0,0,0,34,Blacktown City Council,0,
"59 Lancaster Street, Blacktown NSW 2148",Blacktown,NSW,2148,2026-07-31,Sold by private treaty,900000,3,2,3,600.7,House,0.5,1.3,3,0,Street,134.0,7.0,0.7,0.3,0.27,0.26,0.27,0.19,0.69,0.71,0.29,0.52,0.48,47175,0.59,0.41,20 to 39,0.53,0.47,1060000.0,0.71,299.0,23.0,0,0,0,0,0,0,0,0,0,0,0,0,0,0,0,0,0,0,0,0,0,0,0,0,34,Blacktown City Council,1,
"19 Leonard Street, Blacktown NSW 2148",Blacktown,NSW,2148,2026-07-30,Sold prior to auction,927000,3,2,3,543.0,House,0.6,1.7,2,0,Street,39.0,2.0,0.75,0.25,0.29,0.24,0.26,0.22,0.69,0.56,0.44,0.5,0.5,47175,0.59,0.41,20 to 39,0.53,0.47,1060000.0,0.71,299.0,23.0,1,0,0,0,0,1,1,1,1,0,0,0,0,0,0,0,0,0,0,0,0,0,0,0,34,Blacktown City Council,1,
"53 - 53A Pelleas Street, Blacktown NSW 2148",Blacktown,NSW,2148,2026-07-29,Sold at auction,1700000,7,4,2,584.0,House,0.4,0.6,3,0,Street,59.0,1.0,0.65,0.35,0.29,0.3,0.23,0.18,0.65,0.78,0.22,0.56,0.44,47175,0.59,0.41,20 to 39,0.53,0.47,,,,,0,0,0,0,0,0,0,0,0,0,0,0,0,0,0,0,0,0,0,0,0,0,0,0,34,Blacktown City Council,1,
"301/10 Carinya Street, Blacktown NSW 2148",Blacktown,NSW,2148,2026-07-28,Sold by private treaty,590000,2,2,1,103.0,Apartment / Unit / Flat,0.9,2.2,2,0,Building,104.0,6.0,0.7,0.3,0.24,0.34,0.26,0.16,0.4,0.48,0.52,0.56,0.44,47175,0.59,0.41,20 to 39,0.53,0.47,464000.0,0.0,256.0,35.0,0,0,0,0,0,0,0,0,0,0,0,0,0,0,0,0,0,0,0,0,0,0,0,0,34,Blacktown City Council,1,
"9 Nicholas Street, Blacktown NSW 2148",Blacktown,NSW,2148,2026-07-28,Sold by private treaty,1200000,5,2,1,550.0,House,0.3,1.4,3,0,Street,23.0,2.0,0.85,0.15,0.25,0.27,0.27,0.21,0.7,0.66,0.34,0.55,0.45,47175,0.59,0.41,20 to 39,0.53,0.47,1448800.0,0.45,46.0,62.0,1,0,0,0,1,0,1,1,0,1,1,0,0,0,0,0,1,0,1,0,1,0,1,1,34,Blacktown City Council,1,
"25 Virginia Street, Blacktown NSW 2148",Blacktown,NSW,2148,2026-07-26,Sold at auction,1120000,4,1,3,,House,0.3,1.7,3,0,Street,32.0,3.0,0.8,0.2,0.24,0.33,0.22,0.21,0.68,0.62,0.38,0.43,0.57,47175,0.59,0.41,20 to 39,0.53,0.47,1200500.0,0.63,151.0,37.0,1,0,0,1,0,1,1,1,0,0,0,0,1,0,0,0,1,0,0,0,0,0,0,0,34,Blacktown City Council,0,
"11-11a Virginia Street, Blacktown NSW 2148",Blacktown,NSW,2148,2026-07-25,Sold at auction,1075000,4,2,2,588.0,House,0.3,1.7,3,0,Street,32.0,3.0,0.8,0.2,0.24,0.33,0.22,0.21,0.68,0.62,0.38,0.43,0.57,47175,0.59,0.41,20 to 39,0.53,0.47,1200500.0,0.63,151.0,37.0,0,0,0,0,0,0,0,0,0,0,0,0,0,0,0,0,0,0,0,0,0,0,0,0,34,Blacktown City Council,1,
"25 Dagmar Crescent, Blacktown NSW 2148",Blacktown,NSW,2148,2026-07-25,Sold at auction,992500,4,2,1,600.0,House,1.0,1.3,3,0,Street,65.0,5.0,0.65,0.35,0.22,0.29,0.26,0.22,0.72,0.67,0.33,0.52,0.48,47175,0.59,0.41,20 to 39,0.53,0.47,1200500.0,0.63,151.0,37.0,0,0,0,0,0,0,0,0,0,0,0,0,0,0,0,0,0,0,0,0,0,0,0,0,34,Blacktown City Council,1,
"31 Kerry Road, Blacktown NSW 2148",Blacktown,NSW,2148,2026-07-25,Sold at auction,967000,4,1,2,607.0,House,0.5,1.8,2,0,Street,74.0,2.0,0.65,0.35,0.28,0.29,0.26,0.17,0.74,0.66,0.34,0.51,0.49,47175,0.59,0.41,20 to 39,0.53,0.47,1200500.0,0.63,151.0,37.0,0,1,0,0,0,0,0,0,0,0,0,0,0,0,0,0,0,0,0,0,0,0,0,0,34,Blacktown City Council,1,
"42 William Street, Blacktown NSW 2148",Blacktown,NSW,2148,2026-07-25,Sold at auction,1010000,3,1,3,556.0,House,0.8,1.4,3,0,Street,94.0,2.0,0.55,0.45,0.25,0.33,0.24,0.18,0.71,0.63,0.37,0.53,0.47,47175,0.59,0.41,20 to 39,0.53,0.47,1060000.0,0.71,299.0,23.0,0,0,0,0,0,1,0,0,1,0,1,0,1,0,0,1,1,1,1,0,0,0,1,1,34,Blacktown City Council,1,
"46/26 Mantaka Street, Blacktown NSW 2148",Blacktown,NSW,2148,2026-07-19,Sold by private treaty,422500,2,1,1,83.0,Apartment / Unit / Flat,0.8,1.3,3,0,Building,73.0,2.0,0.5,0.5,0.29,0.34,0.26,0.11,0.44,0.39,0.61,0.63,0.37,47175,0.59,0.41,20 to 39,0.53,0.47,464000.0,0.0,256.0,35.0,1,0,0,0,0,0,1,1,0,0,0,0,0,0,0,0,0,0,0,0,0,0,0,0,34,Blacktown City Council,1,
"3 Kingsford Street, Blacktown NSW 2148",Blacktown,NSW,2148,2026-07-23,Sold by private treaty,1050000,3,2,1,,House,0.4,1.5,3,0,Street,21.0,1.0,0.7,0.3,0.3,0.3,0.23,0.18,0.66,0.68,0.32,0.58,0.42,47175,0.59,0.41,20 to 39,0.53,0.47,1060000.0,0.71,299.0,23.0,1,0,0,0,0,1,1,1,1,0,0,0,0,0,0,0,1,0,0,0,0,0,0,0,34,Blacktown City Council,0,
"2404/1 Boys Avenue, Blacktown NSW 2148",Blacktown,NSW,2148,2026-07-22,Sold by private treaty,570000,2,2,1,101.0,Apartment / Unit / Flat,,0.5,3,0,Building,112.0,9.0,0.55,0.45,0.17,0.53,0.2,0.1,0.35,0.23,0.77,0.51,0.49,47175,0.59,0.41,20 to 39,0.53,0.47,464000.0,0.0,256.0,35.0,0,0,0,0,0,0,0,0,0,0,0,0,0,0,0,0,0,0,0,0,0,0,0,0,34,Blacktown City Council,1,
"8 Prospect Street, Blacktown NSW 2148",Blacktown,NSW,2148,2026-07-10,Sold by private treaty,1050000,3,1,1,556.4,House,0.7,1.0,3,0,Street,20.0,3.0,0.65,0.35,0.22,0.29,0.26,0.22,0.72,0.67,0.33,0.52,0.48,47175,0.59,0.41,20 to 39,0.53,0.47,1060000.0,0.71,299.0,23.0,1,0,0,0,0,0,1,1,1,0,0,0,0,0,0,0,0,0,0,0,0,0,0,0,34,Blacktown City Council,1,
"47/31 Third Avenue, Blacktown NSW 2148",Blacktown,NSW,2148,2026-07-20,Sold by private treaty,400000,2,1,1,,Apartment / Unit / Flat,0.8,0.3,3,0,Building,74.0,9.0,0.55,0.45,0.23,0.58,0.15,0.04,,0.27,0.73,0.81,0.19,47175,0.59,0.41,20 to 39,0.53,0.47,464000.0,0.0,256.0,35.0,0,0,0,1,0,1,0,0,0,1,1,0,1,1,0,0,0,0,0,0,0,0,0,1,34,Blacktown City Council,0,
"94 Reservoir Road, Blacktown NSW 2148",Blacktown,NSW,2148,2026-07-19,Sold by private treaty,1000000,3,2,2,593.0,House,0.7,0.9,3,0,Street,1011.0,33.0,0.8,0.2,0.29,0.32,0.25,0.14,0.6,0.67,0.33,0.56,0.44,47175,0.59,0.41,20 to 39,0.53,0.47,1060000.0,0.71,299.0,23.0,1,0,0,1,0,1,1,1,0,0,0,0,0,0,0,0,1,0,0,0,0,0,0,0,34,Blacktown City Council,1,
"19 Valda Street, Blacktown NSW 2148",Blacktown,NSW,2148,2026-07-18,Sold by private treaty,925000,3,1,2,550.1,House,0.5,1.1,3,0,Street,105.0,4.0,0.65,0.35,0.23,0.27,0.28,0.22,0.69,0.78,0.22,0.53,0.47,47175,0.59,0.41,20 to 39,0.53,0.47,1060000.0,0.71,299.0,23.0,1,1,0,0,0,1,1,1,0,0,0,0,1,0,0,0,0,0,0,0,0,0,0,0,34,Blacktown City Council,1,
